INSERT INTO QUOTE_TAG(id, name) VALUES (1, 'Inspirational');
INSERT INTO QUOTE_TAG(id, name) VALUES (2, 'Famous');
INSERT INTO QUOTE_TAG(id, name) VALUES (3, 'Funny');

INSERT INTO QUOTE(id,text,author) VALUES (1, 'Life isn’t about getting and having, it’s about giving and being.','Kevin Kruse');
INSERT INTO QUOTE(id,text,author) VALUES (2, 'Whatever the mind of man can conceive and believe, it can achieve.','Napoleon Hill');
INSERT INTO QUOTE(id,text,author) VALUES (3, 'Strive not to be a success, but rather to be of value.','Albert Einstein');
INSERT INTO QUOTE(id,text,author) VALUES (4, 'Two roads diverged in a wood, and I—I took the one less traveled by, And that has made all the difference.','Robert Frost');
INSERT INTO QUOTE(id,text,author) VALUES (5, 'I attribute my success to this: I never gave or took any excuse.','Florence Nightingale');
INSERT INTO QUOTE(id,text,author) VALUES (6, 'You miss 100% of the shots you don’t take.','Wayne Gretzky');
INSERT INTO QUOTE(id,text,author) VALUES (7, 'I’ve missed more than 9000 shots in my career. I’ve lost almost 300 games. 26 times I’ve been trusted to take the game winning shot and missed. I’ve failed over and over and over again in my life. And that is why I succeed.','Michael Jordan');
INSERT INTO QUOTE(id,text,author) VALUES (8, 'The most difficult thing is the decision to act, the rest is merely tenacity.','Amelia Earhart');
INSERT INTO QUOTE(id,text,author) VALUES (9, 'Every strike brings me closer to the next home run.','Babe Ruth');
INSERT INTO QUOTE(id,text,author) VALUES (10, 'Definiteness of purpose is the starting point of all achievement.','W. Clement Stone');
INSERT INTO QUOTE(id,text,author) VALUES (11, 'We must balance conspicuous consumption with conscious capitalism.','Kevin Kruse');
INSERT INTO QUOTE(id,text,author) VALUES (12, 'Life is what happens to you while you’re busy making other plans.','John Lennon');
INSERT INTO QUOTE(id,text,author) VALUES (13, 'We become what we think about.','Earl Nightingale');
INSERT INTO QUOTE(id,text,author) VALUES (14, 'Twenty years from now you will be more disappointed by the things that you didn’t do than by the ones you did do, so throw off the bowlines, sail away from safe harbor, catch the trade winds in your sails.  Explore, Dream, Discover.','Mark Twain');
INSERT INTO QUOTE(id,text,author) VALUES (15, 'Life is 10% what happens to me and 90% of how I react to it.','Charles Swindoll');
INSERT INTO QUOTE(id,text,author) VALUES (16, 'The most common way people give up their power is by thinking they don’t have any.','Alice Walker');
INSERT INTO QUOTE(id,text,author) VALUES (17, 'The mind is everything. What you think you become.','Buddha');
INSERT INTO QUOTE(id,text,author) VALUES (18, 'The best time to plant a tree was 20 years ago. The second best time is now.','Chinese Proverb');
INSERT INTO QUOTE(id,text,author) VALUES (19, 'An unexamined life is not worth living.','Socrates');
INSERT INTO QUOTE(id,text,author) VALUES (20, 'Eighty percent of success is showing up.','Woody Allen');

INSERT INTO QUOTE_QUOTE_TAG(quote_id, quote_tag_id) VALUES (1, 1);
INSERT INTO QUOTE_QUOTE_TAG(quote_id, quote_tag_id) VALUES (2, 1);
INSERT INTO QUOTE_QUOTE_TAG(quote_id, quote_tag_id) VALUES (3, 1);
INSERT INTO QUOTE_QUOTE_TAG(quote_id, quote_tag_id) VALUES (4, 1);
INSERT INTO QUOTE_QUOTE_TAG(quote_id, quote_tag_id) VALUES (5, 1);
INSERT INTO QUOTE_QUOTE_TAG(quote_id, quote_tag_id) VALUES (6, 1);
INSERT INTO QUOTE_QUOTE_TAG(quote_id, quote_tag_id) VALUES (7, 1);
INSERT INTO QUOTE_QUOTE_TAG(quote_id, quote_tag_id) VALUES (8, 1);
INSERT INTO QUOTE_QUOTE_TAG(quote_id, quote_tag_id) VALUES (9, 1);
INSERT INTO QUOTE_QUOTE_TAG(quote_id, quote_tag_id) VALUES (10, 1);
INSERT INTO QUOTE_QUOTE_TAG(quote_id, quote_tag_id) VALUES (11, 1);
INSERT INTO QUOTE_QUOTE_TAG(quote_id, quote_tag_id) VALUES (12, 1);
INSERT INTO QUOTE_QUOTE_TAG(quote_id, quote_tag_id) VALUES (13, 1);
INSERT INTO QUOTE_QUOTE_TAG(quote_id, quote_tag_id) VALUES (14, 1);
INSERT INTO QUOTE_QUOTE_TAG(quote_id, quote_tag_id) VALUES (15, 1);
INSERT INTO QUOTE_QUOTE_TAG(quote_id, quote_tag_id) VALUES (16, 1);
INSERT INTO QUOTE_QUOTE_TAG(quote_id, quote_tag_id) VALUES (17, 1);
INSERT INTO QUOTE_QUOTE_TAG(quote_id, quote_tag_id) VALUES (18, 1);
INSERT INTO QUOTE_QUOTE_TAG(quote_id, quote_tag_id) VALUES (19, 1);
INSERT INTO QUOTE_QUOTE_TAG(quote_id, quote_tag_id) VALUES (20, 1);
INSERT INTO QUOTE_QUOTE_TAG(quote_id, quote_tag_id) VALUES (1, 2);
INSERT INTO QUOTE_QUOTE_TAG(quote_id, quote_tag_id) VALUES (2, 2);
INSERT INTO QUOTE_QUOTE_TAG(quote_id, quote_tag_id) VALUES (3, 2);
INSERT INTO QUOTE_QUOTE_TAG(quote_id, quote_tag_id) VALUES (4, 2);
INSERT INTO QUOTE_QUOTE_TAG(quote_id, quote_tag_id) VALUES (5, 2);
INSERT INTO QUOTE_QUOTE_TAG(quote_id, quote_tag_id) VALUES (6, 2);
INSERT INTO QUOTE_QUOTE_TAG(quote_id, quote_tag_id) VALUES (7, 2);
INSERT INTO QUOTE_QUOTE_TAG(quote_id, quote_tag_id) VALUES (8, 2);
INSERT INTO QUOTE_QUOTE_TAG(quote_id, quote_tag_id) VALUES (9, 2);
INSERT INTO QUOTE_QUOTE_TAG(quote_id, quote_tag_id) VALUES (10, 2);
INSERT INTO QUOTE_QUOTE_TAG(quote_id, quote_tag_id) VALUES (11, 2);
INSERT INTO QUOTE_QUOTE_TAG(quote_id, quote_tag_id) VALUES (12, 2);
INSERT INTO QUOTE_QUOTE_TAG(quote_id, quote_tag_id) VALUES (13, 2);
INSERT INTO QUOTE_QUOTE_TAG(quote_id, quote_tag_id) VALUES (14, 2);
INSERT INTO QUOTE_QUOTE_TAG(quote_id, quote_tag_id) VALUES (15, 2);
INSERT INTO QUOTE_QUOTE_TAG(quote_id, quote_tag_id) VALUES (16, 2);
INSERT INTO QUOTE_QUOTE_TAG(quote_id, quote_tag_id) VALUES (17, 2);
INSERT INTO QUOTE_QUOTE_TAG(quote_id, quote_tag_id) VALUES (18, 2);
INSERT INTO QUOTE_QUOTE_TAG(quote_id, quote_tag_id) VALUES (19, 2);
INSERT INTO QUOTE_QUOTE_TAG(quote_id, quote_tag_id) VALUES (20, 2);