INSERT INTO QUOTE_TAG(id, name) VALUES (1, 'Inspirational');
INSERT INTO QUOTE_TAG(id, name) VALUES (2, 'Funny');
INSERT INTO QUOTE_TAG(id, name) VALUES (3, 'Love');

INSERT INTO QUOTE(id,text,author) VALUES (1, 'Life isn’t about getting and having, it’s about giving and being.', 'Kevin Kruse');
INSERT INTO QUOTE(id,text,author) VALUES (2, 'Whatever the mind of man can conceive and believe, it can achieve.', 'Napoleon Hill');
INSERT INTO QUOTE(id,text,author) VALUES (3, 'Strive not to be a success, but rather to be of value.', 'Albert Einstein');
INSERT INTO QUOTE(id,text,author) VALUES (4, 'Two roads diverged in a wood, and I—I took the one less traveled by, And that has made all the difference.', 'Robert Frost');
INSERT INTO QUOTE(id,text,author) VALUES (5, 'I attribute my success to this: I never gave or took any excuse.', 'Florence Nightingale');
INSERT INTO QUOTE(id,text,author) VALUES (6, 'You miss 100% of the shots you don’t take.', 'Wayne Gretzky');
INSERT INTO QUOTE(id,text,author) VALUES (7, 'I’ve missed more than 9000 shots in my career. I’ve lost almost 300 games. 26 times I’ve been trusted to take the game winning shot and missed. I’ve failed over and over and over again in my life. And that is why I succeed.', 'Michael Jordan');
INSERT INTO QUOTE(id,text,author) VALUES (8, 'The most difficult thing is the decision to act, the rest is merely tenacity.', 'Amelia Earhart');
INSERT INTO QUOTE(id,text,author) VALUES (9, 'Every strike brings me closer to the next home run.', 'Babe Ruth');
INSERT INTO QUOTE(id,text,author) VALUES (10, 'Definiteness of purpose is the starting point of all achievement.', 'W. Clement Stone');
INSERT INTO QUOTE(id,text,author) VALUES (11, 'We must balance conspicuous consumption with conscious capitalism.', 'Kevin Kruse');
INSERT INTO QUOTE(id,text,author) VALUES (12, 'Life is what happens to you while you’re busy making other plans.', 'John Lennon');
INSERT INTO QUOTE(id,text,author) VALUES (13, 'We become what we think about.', 'Earl Nightingale');
INSERT INTO QUOTE(id,text,author) VALUES (14, 'Twenty years from now you will be more disappointed by the things that you didn’t do than by the ones you did do, so throw off the bowlines, sail away from safe harbor, catch the trade winds in your sails.  Explore, Dream, Discover.', 'Mark Twain');
INSERT INTO QUOTE(id,text,author) VALUES (15, 'Life is 10% what happens to me and 90% of how I react to it.', 'Charles Swindoll');
INSERT INTO QUOTE(id,text,author) VALUES (16, 'The most common way people give up their power is by thinking they don’t have any.', 'Alice Walker');
INSERT INTO QUOTE(id,text,author) VALUES (17, 'The mind is everything. What you think you become.', 'Buddha');
INSERT INTO QUOTE(id,text,author) VALUES (18, 'The best time to plant a tree was 20 years ago. The second best time is now.', 'Chinese Proverb');
INSERT INTO QUOTE(id,text,author) VALUES (19, 'An unexamined life is not worth living.', 'Socrates');
INSERT INTO QUOTE(id,text,author) VALUES (20, 'Eighty percent of success is showing up.', 'Woody Allen');
INSERT INTO QUOTE(id,text,author) VALUES (21, 'Your time is limited, so don’t waste it living someone else’s life.', 'Steve Jobs');
INSERT INTO QUOTE(id,text,author) VALUES (22, 'Winning isn’t everything, but wanting to win is.', 'Vince Lombardi');
INSERT INTO QUOTE(id,text,author) VALUES (23, 'I am not a product of my circumstances. I am a product of my decisions.', 'Stephen Covey');
INSERT INTO QUOTE(id,text,author) VALUES (24, 'Every child is an artist.  The problem is how to remain an artist once he grows up.', 'Pablo Picasso');
INSERT INTO QUOTE(id,text,author) VALUES (25, 'You can never cross the ocean until you have the courage to lose sight of the shore.', 'Christopher Columbus');
INSERT INTO QUOTE(id,text,author) VALUES (26, 'I’ve learned that people will forget what you said, people will forget what you did, but people will never forget how you made them feel.', 'Maya Angelou');
INSERT INTO QUOTE(id,text,author) VALUES (27, 'Either you run the day, or the day runs you.', 'Jim Rohn');
INSERT INTO QUOTE(id,text,author) VALUES (28, 'Whether you think you can or you think you can’t, you’re right.', 'Henry Ford');
INSERT INTO QUOTE(id,text,author) VALUES (29, 'The two most important days in your life are the day you are born and the day you find out why.', 'Mark Twain');
INSERT INTO QUOTE(id,text,author) VALUES (30, 'Whatever you can do, or dream you can, begin it.  Boldness has genius, power and magic in it.', 'Johann Wolfgang von Goethe');
INSERT INTO QUOTE(id,text,author) VALUES (31, 'The best revenge is massive success.', 'Frank Sinatra');
INSERT INTO QUOTE(id,text,author) VALUES (32, 'People often say that motivation doesn’t last. Well, neither does bathing.  That’s why we recommend it daily.', 'Zig Ziglar');
INSERT INTO QUOTE(id,text,author) VALUES (33, 'Life shrinks or expands in proportion to one’s courage.', 'Anais Nin');
INSERT INTO QUOTE(id,text,author) VALUES (34, 'If you hear a voice within you say “you cannot paint,” then by all means paint and that voice will be silenced.', 'Vincent Van Gogh');
INSERT INTO QUOTE(id,text,author) VALUES (35, 'There is only one way to avoid criticism: do nothing, say nothing, and be nothing.', 'Aristotle');
INSERT INTO QUOTE(id,text,author) VALUES (36, 'Ask and it will be given to you; search, and you will find; knock and the door will be opened for you.', 'Jesus');
INSERT INTO QUOTE(id,text,author) VALUES (37, 'The only person you are destined to become is the person you decide to be.', 'Ralph Waldo Emerson');
INSERT INTO QUOTE(id,text,author) VALUES (38, 'Go confidently in the direction of your dreams.  Live the life you have imagined.', 'Henry David Thoreau');
INSERT INTO QUOTE(id,text,author) VALUES (39, 'When I stand before God at the end of my life, I would hope that I would not have a single bit of talent left and could say, I used everything you gave me.', 'Erma Bombeck');
INSERT INTO QUOTE(id,text,author) VALUES (40, 'Few things can help an individual more than to place responsibility on him, and to let him know that you trust him.', 'Booker T. Washington');
INSERT INTO QUOTE(id,text,author) VALUES (41, 'Certain things catch your eye, but pursue only those that capture the heart.', ' Ancient Indian Proverb');
INSERT INTO QUOTE(id,text,author) VALUES (42, 'Believe you can and you’re halfway there.', 'Theodore Roosevelt');
INSERT INTO QUOTE(id,text,author) VALUES (43, 'Everything you’ve ever wanted is on the other side of fear.', 'George Addair');
INSERT INTO QUOTE(id,text,author) VALUES (44, 'We can easily forgive a child who is afraid of the dark; the real tragedy of life is when men are afraid of the light.', 'Plato');
INSERT INTO QUOTE(id,text,author) VALUES (45, 'Teach thy tongue to say, “I do not know,” and thous shalt progress.', 'Maimonides');
INSERT INTO QUOTE(id,text,author) VALUES (46, 'Start where you are. Use what you have.  Do what you can.', 'Arthur Ashe');
INSERT INTO QUOTE(id,text,author) VALUES (47, 'When I was 5 years old, my mother always told me that happiness was the key to life.  When I went to school, they asked me what I wanted to be when I grew up.  I wrote down ‘happy’.  They told me I didn’t understand the assignment, and I told them they didn’t understand life.', 'John Lennon');
INSERT INTO QUOTE(id,text,author) VALUES (48, 'Fall seven times and stand up eight.', 'Japanese Proverb');
INSERT INTO QUOTE(id,text,author) VALUES (49, 'When one door of happiness closes, another opens, but often we look so long at the closed door that we do not see the one that has been opened for us.', 'Helen Keller');
INSERT INTO QUOTE(id,text,author) VALUES (50, 'Everything has beauty, but not everyone can see.', 'Confucius');
INSERT INTO QUOTE(id,text,author) VALUES (51, 'How wonderful it is that nobody need wait a single moment before starting to improve the world.', 'Anne Frank');
INSERT INTO QUOTE(id,text,author) VALUES (52, 'When I let go of what I am, I become what I might be.', 'Lao Tzu');
INSERT INTO QUOTE(id,text,author) VALUES (53, 'Life is not measured by the number of breaths we take, but by the moments that take our breath away.', 'Maya Angelou');
INSERT INTO QUOTE(id,text,author) VALUES (54, 'Happiness is not something readymade.  It comes from your own actions.', 'Dalai Lama');
INSERT INTO QUOTE(id,text,author) VALUES (55, 'If you’re offered a seat on a rocket ship, don’t ask what seat! Just get on.', 'Sheryl Sandberg');
INSERT INTO QUOTE(id,text,author) VALUES (56, 'First, have a definite, clear practical ideal; a goal, an objective. Second, have the necessary means to achieve your ends; wisdom, money, materials, and methods. Third, adjust all your means to that end.', 'Aristotle');
INSERT INTO QUOTE(id,text,author) VALUES (57, 'If the wind will not serve, take to the oars.', 'Latin Proverb');
INSERT INTO QUOTE(id,text,author) VALUES (58, 'You can’t fall if you don’t climb.  But there’s no joy in living your whole life on the ground.', 'Unknown');
INSERT INTO QUOTE(id,text,author) VALUES (59, 'We must believe that we are gifted for something, and that this thing, at whatever cost, must be attained.', 'Marie Curie');
INSERT INTO QUOTE(id,text,author) VALUES (60, 'Too many of us are not living our dreams because we are living our fears.', 'Les Brown');
INSERT INTO QUOTE(id,text,author) VALUES (61, 'Challenges are what make life interesting and overcoming them is what makes life meaningful.', 'Joshua J. Marine');
INSERT INTO QUOTE(id,text,author) VALUES (62, 'If you want to lift yourself up, lift up someone else.', 'Booker T. Washington');
INSERT INTO QUOTE(id,text,author) VALUES (63, 'I have been impressed with the urgency of doing. Knowing is not enough; we must apply. Being willing is not enough; we must do.', 'Leonardo da Vinci');
INSERT INTO QUOTE(id,text,author) VALUES (64, 'Limitations live only in our minds.  But if we use our imaginations, our possibilities become limitless.', 'Jamie Paolinetti');
INSERT INTO QUOTE(id,text,author) VALUES (65, 'You take your life in your own hands, and what happens? A terrible thing, no one to blame.', 'Erica Jong');
INSERT INTO QUOTE(id,text,author) VALUES (66, 'What’s money? A man is a success if he gets up in the morning and goes to bed at night and in between does what he wants to do.', 'Bob Dylan');
INSERT INTO QUOTE(id,text,author) VALUES (67, 'I didn’t fail the test. I just found 100 ways to do it wrong.', 'Benjamin Franklin');
INSERT INTO QUOTE(id,text,author) VALUES (68, 'In order to succeed, your desire for success should be greater than your fear of failure.', 'Bill Cosby');
INSERT INTO QUOTE(id,text,author) VALUES (69, 'A person who never made a mistake never tried anything new.', ' Albert Einstein');
INSERT INTO QUOTE(id,text,author) VALUES (70, 'The person who says it cannot be done should not interrupt the person who is doing it.', 'Chinese Proverb');
INSERT INTO QUOTE(id,text,author) VALUES (71, 'There are no traffic jams along the extra mile.', 'Roger Staubach');
INSERT INTO QUOTE(id,text,author) VALUES (72, 'It is never too late to be what you might have been.', 'George Eliot');
INSERT INTO QUOTE(id,text,author) VALUES (73, 'You become what you believe.', 'Oprah Winfrey');
INSERT INTO QUOTE(id,text,author) VALUES (74, 'I would rather die of passion than of boredom.', 'Vincent van Gogh');
INSERT INTO QUOTE(id,text,author) VALUES (75, 'A truly rich man is one whose children run into his arms when his hands are empty.', 'Unknown');
INSERT INTO QUOTE(id,text,author) VALUES (76, 'It is not what you do for your children, but what you have taught them to do for themselves, that will make them successful human beings.', 'Ann Landers');
INSERT INTO QUOTE(id,text,author) VALUES (77, 'If you want your children to turn out well, spend twice as much time with them, and half as much money.', 'Abigail Van Buren');
INSERT INTO QUOTE(id,text,author) VALUES (78, 'Build your own dreams, or someone else will hire you to build theirs.', 'Farrah Gray');
INSERT INTO QUOTE(id,text,author) VALUES (79, 'The battles that count aren’t the ones for gold medals. The struggles within yourself–the invisible battles inside all of us–that’s where it’s at.', 'Jesse Owens');
INSERT INTO QUOTE(id,text,author) VALUES (80, 'Education costs money.  But then so does ignorance.', 'Sir Claus Moser');
INSERT INTO QUOTE(id,text,author) VALUES (81, 'I have learned over the years that when one’s mind is made up, this diminishes fear.', 'Rosa Parks');
INSERT INTO QUOTE(id,text,author) VALUES (82, 'It does not matter how slowly you go as long as you do not stop.', 'Confucius');
INSERT INTO QUOTE(id,text,author) VALUES (83, 'If you look at what you have in life, you’ll always have more. If you look at what you don’t have in life, you’ll never have enough.', 'Oprah Winfrey');
INSERT INTO QUOTE(id,text,author) VALUES (84, 'Remember that not getting what you want is sometimes a wonderful stroke of luck.', 'Dalai Lama');
INSERT INTO QUOTE(id,text,author) VALUES (85, 'You can’t use up creativity.  The more you use, the more you have.', 'Maya Angelou');
INSERT INTO QUOTE(id,text,author) VALUES (86, 'Dream big and dare to fail.', 'Norman Vaughan');
INSERT INTO QUOTE(id,text,author) VALUES (87, 'Our lives begin to end the day we become silent about things that matter.', 'Martin Luther King Jr.');
INSERT INTO QUOTE(id,text,author) VALUES (88, 'Do what you can, where you are, with what you have.', 'Teddy Roosevelt');
INSERT INTO QUOTE(id,text,author) VALUES (89, 'If you do what you’ve always done, you’ll get what you’ve always gotten.', 'Tony Robbins');
INSERT INTO QUOTE(id,text,author) VALUES (90, 'Dreaming, after all, is a form of planning.', 'Gloria Steinem');
INSERT INTO QUOTE(id,text,author) VALUES (91, 'It’s your place in the world; it’s your life. Go on and do all you can with it, and make it the life you want to live.', 'Mae Jemison');
INSERT INTO QUOTE(id,text,author) VALUES (92, 'You may be disappointed if you fail, but you are doomed if you don’t try.', 'Beverly Sills');
INSERT INTO QUOTE(id,text,author) VALUES (93, 'Remember no one can make you feel inferior without your consent.', 'Eleanor Roosevelt');
INSERT INTO QUOTE(id,text,author) VALUES (94, 'Life is what we make it, always has been, always will be.', 'Grandma Moses');
INSERT INTO QUOTE(id,text,author) VALUES (95, 'The question isn’t who is going to let me; it’s who is going to stop me.', 'Ayn Rand');
INSERT INTO QUOTE(id,text,author) VALUES (96, 'When everything seems to be going against you, remember that the airplane takes off against the wind, not with it.', 'Henry Ford');
INSERT INTO QUOTE(id,text,author) VALUES (97, 'It’s not the years in your life that count. It’s the life in your years.', 'Abraham Lincoln');
INSERT INTO QUOTE(id,text,author) VALUES (98, 'Change your thoughts and you change your world.', 'Norman Vincent Peale');
INSERT INTO QUOTE(id,text,author) VALUES (99, 'Either write something worth reading or do something worth writing.', 'Benjamin Franklin');
INSERT INTO QUOTE(id,text,author) VALUES (100, 'Nothing is impossible, the word itself says, “I’m possible!”', '–Audrey Hepburn');
INSERT INTO QUOTE(id,text,author) VALUES (101, 'The only way to do great work is to love what you do.', 'Steve Jobs');
INSERT INTO QUOTE(id,text,author) VALUES (102, 'If you can dream it, you can achieve it.', 'Zig Ziglar');
INSERT INTO QUOTE(id,text,author) VALUES (103,'No man has a good enough memory to be a successful liar.','Abraham Lincoln');
INSERT INTO QUOTE(id,text,author) VALUES (104,'When you are courting a nice girl an hour seems like a second. When you sit on a red-hot cinder a second seems like an hour. That’s relativity.','Albert Einstein');
INSERT INTO QUOTE(id,text,author) VALUES (105,'Everything I like is either illegal, immoral or fattening.','Alexander Woollcott');
INSERT INTO QUOTE(id,text,author) VALUES (106,'Television has brought back murder into the home - where it belongs.','Alfred Hitchcock');
INSERT INTO QUOTE(id,text,author) VALUES (107,'If you haven’t got anything nice to say about anybody, come sit next to me.','Alice Roosevelt Longworth');
INSERT INTO QUOTE(id,text,author) VALUES (108,'Laugh and the world laughs with you, snore and you sleep alone.','Anthony Burgess');
INSERT INTO QUOTE(id,text,author) VALUES (109,'The best measure of a man’s honesty isn’t his income tax return. It’s the zero adjust on his bathroom scale.','Arthur C. Clarke');
INSERT INTO QUOTE(id,text,author) VALUES (110,'Wine is constant proof that God loves us and loves to see us happy.','Benjamin Franklin');
INSERT INTO QUOTE(id,text,author) VALUES (111,'After all is said and done, sit down.','Bill Copeland');
INSERT INTO QUOTE(id,text,author) VALUES (112,'I own and operate a ferocious ego.','Bill Moyers');
INSERT INTO QUOTE(id,text,author) VALUES (113,'The tax collector must love poor people, he’s creating so many of them.','Bill Vaughan');
INSERT INTO QUOTE(id,text,author) VALUES (114,'Reality continues to ruin my life.','Bill Watterson');
INSERT INTO QUOTE(id,text,author) VALUES (115,'My definition of an intellectual is someone who can listen to the William Tell Overture without thinking of the Lone Ranger.','Billy Connolly');
INSERT INTO QUOTE(id,text,author) VALUES (116,'As a child my family’s menu consisted of two choices: take it or leave it.','Buddy Hackett');
INSERT INTO QUOTE(id,text,author) VALUES (117,'All right everyone, line up alphabetically according to your height.','Casey Stengel');
INSERT INTO QUOTE(id,text,author) VALUES (118,'They say marriages are made in Heaven. But so is thunder and lightning.','Clint Eastwood');
INSERT INTO QUOTE(id,text,author) VALUES (119,'The four building blocks of the universe are fire, water, gravel and vinyl.','Dave Barry');
INSERT INTO QUOTE(id,text,author) VALUES (120,'Procrastination is the art of keeping up with yesterday.','Don Marquis');
INSERT INTO QUOTE(id,text,author) VALUES (121,'An idea isn’t responsible for the people who believe in it.','Don Marquis');
INSERT INTO QUOTE(id,text,author) VALUES (122,'I love deadlines. I like the whooshing sound they make as they fly by.','Douglas Adams');
INSERT INTO QUOTE(id,text,author) VALUES (123,'Prejudice is a great time saver. You can form opinions without having to get the facts.','E. B. White');
INSERT INTO QUOTE(id,text,author) VALUES (124,'I have six locks on my door all in a row. When I go out, I lock every other one. I figure no matter how long somebody stands there picking the locks, they are always locking three.','Elayne Boosler');
INSERT INTO QUOTE(id,text,author) VALUES (125,'Do not take life too seriously. You will never get out of it alive.','Elbert Hubbard');
INSERT INTO QUOTE(id,text,author) VALUES (126,'Too much agreement kills a chat.','Eldridge Cleaver');
INSERT INTO QUOTE(id,text,author) VALUES (127,'People always ask me, ’Were you funny as a child?’ Well, no, I was an accountant.','Ellen DeGeneres');
INSERT INTO QUOTE(id,text,author) VALUES (128,'My grandmother started walking five miles a day when she was sixty. She’s ninety-seven now, and we don’t know where the hell she is.','Ellen DeGeneres');
INSERT INTO QUOTE(id,text,author) VALUES (129,'I would like to die on Mars. Just not on impact.','Elon Musk');
INSERT INTO QUOTE(id,text,author) VALUES (130,'I was the kid next door’s imaginary friend.','Emo Philips');
INSERT INTO QUOTE(id,text,author) VALUES (131,'Guilt: the gift that keeps on giving.','Erma Bombeck');
INSERT INTO QUOTE(id,text,author) VALUES (132,'Food is an important part of a balanced diet.','Fran Lebowitz');
INSERT INTO QUOTE(id,text,author) VALUES (133,'I’m for whatever gets you through the night.','Frank Sinatra');
INSERT INTO QUOTE(id,text,author) VALUES (134,'One advantage of talking to yourself is that you know at least somebody’s listening.','Franklin P. Jones');
INSERT INTO QUOTE(id,text,author) VALUES (135,'If you cannot get rid of the family skeleton, you may as well make it dance.','George Bernard Shaw');
INSERT INTO QUOTE(id,text,author) VALUES (136,'Happiness is having a large, loving, caring, close-knit family in another city.','George Burns');
INSERT INTO QUOTE(id,text,author) VALUES (137,'Frisbeetarianism is the belief that when you die, your soul goes up on the roof and gets stuck.','George Carlin');
INSERT INTO QUOTE(id,text,author) VALUES (138,'A child of five would understand this. Send someone to fetch a child of five.','Groucho Marx');
INSERT INTO QUOTE(id,text,author) VALUES (139,'Any girl can be glamorous. All you have to do is stand still and look stupid.','Hedy Lamarr');
INSERT INTO QUOTE(id,text,author) VALUES (140,'If you’re going to do something tonight that you’ll be sorry for tomorrow morning, sleep late.','Henny Youngman');
INSERT INTO QUOTE(id,text,author) VALUES (141,'There cannot be a crisis next week. My schedule is already full.','Henry A. Kissinger');
INSERT INTO QUOTE(id,text,author) VALUES (142,'I have a memory like an elephant. I remember every elephant I’ve ever met.','Herb Caen');
INSERT INTO QUOTE(id,text,author) VALUES (143,'If I want to knock a story off the front page, I just change my hairstyle.','Hillary Clinton');
INSERT INTO QUOTE(id,text,author) VALUES (144,'People who think they know everything are a great annoyance to those of us who do.','Isaac Asimov');
INSERT INTO QUOTE(id,text,author) VALUES (145,'All my life, I always wanted to be somebody. Now I see that I should have been more specific.','Jane Wagner');
INSERT INTO QUOTE(id,text,author) VALUES (146,'When we talk to God, we’re praying. When God talks to us, we’re schizophrenic.','Jane Wagner');
INSERT INTO QUOTE(id,text,author) VALUES (147,'It’s amazing that the amount of news that happens in the world every day always just exactly fits the newspaper.','Jerry Seinfeld');
INSERT INTO QUOTE(id,text,author) VALUES (148,'Behind every great man is a woman rolling her eyes.','Jim Carrey');
INSERT INTO QUOTE(id,text,author) VALUES (149,'I knew I was an unwanted baby when I saw that my bath toys were a toaster and a radio.','Joan Rivers');
INSERT INTO QUOTE(id,text,author) VALUES (150,'Do not worry about avoiding temptation. As you grow older it will avoid you.','Joey Adams');
INSERT INTO QUOTE(id,text,author) VALUES (151,'There’s a great power in words, if you don’t hitch too many of them together.','Josh Billings');
INSERT INTO QUOTE(id,text,author) VALUES (152,'Flattery is like cologne water, to be smelt, not swallowed.','Josh Billings');
INSERT INTO QUOTE(id,text,author) VALUES (153,'Life is hard. After all, it kills you.','Katharine Hepburn');
INSERT INTO QUOTE(id,text,author) VALUES (154,'A successful man is one who makes more money than his wife can spend. A successful woman is one who can find such a man.','Lana Turner');
INSERT INTO QUOTE(id,text,author) VALUES (155,'If two wrongs don’t make a right, try three.','Laurence J. Peter');
INSERT INTO QUOTE(id,text,author) VALUES (156,'Originality is the fine art of remembering what you hear but forgetting where you heard it.','Laurence J. Peter');
INSERT INTO QUOTE(id,text,author) VALUES (157,'If a cluttered desk is the sign of a cluttered mind, what is the significance of a clean desk?','Laurence J. Peter');
INSERT INTO QUOTE(id,text,author) VALUES (158,'Miami Beach is where neon goes to die.','Lenny Bruce');
INSERT INTO QUOTE(id,text,author) VALUES (159,'I always wanted to be somebody, but now I realize I should have been more specific.','Lily Tomlin');
INSERT INTO QUOTE(id,text,author) VALUES (160,'Age is something that doesn’t matter, unless you are a cheese.','Luis Bunuel');
INSERT INTO QUOTE(id,text,author) VALUES (161,'Between two evils, I always pick the one I never tried before.','Mae West');
INSERT INTO QUOTE(id,text,author) VALUES (162,'Always remember that you are absolutely unique. Just like everyone else.','Margaret Mead');
INSERT INTO QUOTE(id,text,author) VALUES (163,'Get your facts first, then you can distort them as you please.','Mark Twain');
INSERT INTO QUOTE(id,text,author) VALUES (164,'Go to Heaven for the climate, Hell for the company.','Mark Twain');
INSERT INTO QUOTE(id,text,author) VALUES (165,'All generalizations are false, including this one.','Mark Twain');
INSERT INTO QUOTE(id,text,author) VALUES (166,'If God wanted us to fly, He would have given us tickets.','Mel Brooks');
INSERT INTO QUOTE(id,text,author) VALUES (167,'A committee is a group that keeps minutes and loses hours.','Milton Berle');
INSERT INTO QUOTE(id,text,author) VALUES (168,'We owe a lot to Thomas Edison - if it wasn’t for him, we’d be watching television by candlelight.','Milton Berle');
INSERT INTO QUOTE(id,text,author) VALUES (169,'My fake plants died because I did not pretend to water them.','Mitch Hedberg');
INSERT INTO QUOTE(id,text,author) VALUES (170,'A woman’s mind is cleaner than a man’s: She changes it more often.','Oliver Herford');
INSERT INTO QUOTE(id,text,author) VALUES (171,'Roses are red, violets are blue, I’m schizophrenic, and so am I.','Oscar Levant');
INSERT INTO QUOTE(id,text,author) VALUES (172,'I can resist everything except temptation.','Oscar Wilde');
INSERT INTO QUOTE(id,text,author) VALUES (173,'Cleanliness becomes more important when godliness is unlikely.','P. J. O’Rourke');
INSERT INTO QUOTE(id,text,author) VALUES (174,'I was eating in a Chinese restaurant downtown. There was a dish called Mother and Child Reunion. It’s chicken and eggs. And I said, I gotta use that one.','Paul Simon');
INSERT INTO QUOTE(id,text,author) VALUES (175,'The only time I ever enjoyed ironing was the day I accidentally got gin in the steam iron.','Phyllis Diller');
INSERT INTO QUOTE(id,text,author) VALUES (176,'Any kid will run any errand for you, if you ask at bedtime.','Red Skelton');
INSERT INTO QUOTE(id,text,author) VALUES (177,'By all means let’s be open-minded, but not so open-minded that our brains drop out.','Richard Dawkins');
INSERT INTO QUOTE(id,text,author) VALUES (178,'Drawing on my fine command of the English language, I said nothing.','Robert Benchley');
INSERT INTO QUOTE(id,text,author) VALUES (179,'Until you walk a mile in another man’s moccasins you can’t imagine the smell.','Robert Byrne');
INSERT INTO QUOTE(id,text,author) VALUES (180,'I’m sorry, if you were right, I’d agree with you.','Robin Williams');
INSERT INTO QUOTE(id,text,author) VALUES (181,'Why do they call it rush hour when nothing moves?','Robin Williams');
INSERT INTO QUOTE(id,text,author) VALUES (182,'I haven’t spoken to my wife in years. I didn’t want to interrupt her.','Rodney Dangerfield');
INSERT INTO QUOTE(id,text,author) VALUES (183,'I found there was only one way to look thin: hang out with fat people.','Rodney Dangerfield');
INSERT INTO QUOTE(id,text,author) VALUES (184,'I looked up my family tree and found out I was the sap.','Rodney Dangerfield');
INSERT INTO QUOTE(id,text,author) VALUES (185,'I believe that if life gives you lemons, you should make lemonade... And try to find somebody whose life has given them vodka, and have a party.','Ron White');
INSERT INTO QUOTE(id,text,author) VALUES (186,'One of the disadvantages of wine is that it makes a man mistake words for thoughts.','Samuel Johnson');
INSERT INTO QUOTE(id,text,author) VALUES (187,'A sure cure for seasickness is to sit under a tree.','Spike Milligan');
INSERT INTO QUOTE(id,text,author) VALUES (188,'A day without sunshine is like, you know, night.','Steve Martin');
INSERT INTO QUOTE(id,text,author) VALUES (189,'Boy, those French: they have a different word for everything!','Steve Martin');
INSERT INTO QUOTE(id,text,author) VALUES (190,'The trouble with having an open mind, of course, is that people will insist on coming along and trying to put things in it.','Terry Pratchett');
INSERT INTO QUOTE(id,text,author) VALUES (191,'If you could kick the person in the pants responsible for most of your trouble, you wouldn’t sit for a month.','Theodore Roosevelt');
INSERT INTO QUOTE(id,text,author) VALUES (192,'The chief function of the body is to carry the brain around.','Thomas A. Edison');
INSERT INTO QUOTE(id,text,author) VALUES (193,'It takes considerable knowledge just to realize the extent of your own ignorance.','Thomas Sowell');
INSERT INTO QUOTE(id,text,author) VALUES (194,'Progress is man’s ability to complicate simplicity.','Thor Heyerdahl');
INSERT INTO QUOTE(id,text,author) VALUES (195,'We are all here on earth to help others; what on earth the others are here for I don’t know.','W. H. Auden');
INSERT INTO QUOTE(id,text,author) VALUES (196,'I love Mickey Mouse more than any woman I have ever known.','Walt Disney');
INSERT INTO QUOTE(id,text,author) VALUES (197,'Be thankful we’re not getting all the government we’re paying for.','Will Rogers');
INSERT INTO QUOTE(id,text,author) VALUES (198,'If you’re naturally kind, you attract a lot of people you don’t like.','William Feather');
INSERT INTO QUOTE(id,text,author) VALUES (199,'Gambling: The sure way of getting nothing for something.','Wilson Mizner');
INSERT INTO QUOTE(id,text,author) VALUES (200,'I may be drunk, Miss, but in the morning I will be sober and you will still be ugly.','Winston Churchill');
INSERT INTO QUOTE(id,text,author) VALUES (201,'I failed to make the chess team because of my height.','Woody Allen');
INSERT INTO QUOTE(id,text,author) VALUES (202,'I never said most of the things I said.','Yogi Berra');
INSERT INTO QUOTE(id,text,author) VALUES (203,'Even Napoleon had his Watergate.','Yogi Berra');
INSERT INTO QUOTE(id,text,author) VALUES (204,'You can’t blame gravity for falling in love.','Albert Einstein');
INSERT INTO QUOTE(id,text,author) VALUES (205,'Love is but the discovery of ourselves in others, and the delight in the recognition.','Alexander Smith');
INSERT INTO QUOTE(id,text,author) VALUES (206,'Tis better to have loved and lost than never to have loved at all.','Alfred Lord Tennyson');
INSERT INTO QUOTE(id,text,author) VALUES (207,'Love is when you meet someone who tells you something new about yourself.','Andre Breton');
INSERT INTO QUOTE(id,text,author) VALUES (208,'Love is friendship that has caught fire. It is quiet understanding, mutual confidence, sharing and forgiving. It is loyalty through good and bad times. It settles for less than perfection and makes allowances for human weaknesses.','Ann Landers');
INSERT INTO QUOTE(id,text,author) VALUES (209,'Love does not consist in gazing at each other, but in looking outward together in the same direction.','Antoine de Saint-Exupery');
INSERT INTO QUOTE(id,text,author) VALUES (210,'Each moment of a happy lover’s hour is worth an age of dull and common life.','Aphra Behn');
INSERT INTO QUOTE(id,text,author) VALUES (211,'Love is composed of a single soul inhabiting two bodies.','Aristotle');
INSERT INTO QUOTE(id,text,author) VALUES (212,'We can’t command our love, but we can our actions.','Arthur Conan Doyle');
INSERT INTO QUOTE(id,text,author) VALUES (213,'The best thing to hold onto in life is each other.','Audrey Hepburn');
INSERT INTO QUOTE(id,text,author) VALUES (214,'I was born with an enormous need for affection, and a terrible need to give it.','Audrey Hepburn');
INSERT INTO QUOTE(id,text,author) VALUES (215,'Love is a force more formidable than any other. It is invisible - it cannot be seen or measured, yet it is powerful enough to transform you in a moment, and offer you more joy than any material possession could.','Barbara de Angelis');
INSERT INTO QUOTE(id,text,author) VALUES (216,'Those who have never known the deep intimacy and the intense companionship of mutual love have missed the best thing that life has to give.','Bertrand Russell');
INSERT INTO QUOTE(id,text,author) VALUES (217,'Love has reasons which reason cannot understand.','Blaise Pascal');
INSERT INTO QUOTE(id,text,author) VALUES (218,'Love is like a friendship caught on fire. In the beginning a flame, very pretty, often hot and fierce, but still only light and flickering. As love grows older, our hearts mature and our love becomes as coals, deep-burning and unquenchable.','Bruce Lee');
INSERT INTO QUOTE(id,text,author) VALUES (219,'You can search throughout the entire universe for someone who is more deserving of your love and affection than you are yourself, and that person is not to be found anywhere. You yourself, as much as anybody in the entire universe deserve your love and affection.','Buddha');
INSERT INTO QUOTE(id,text,author) VALUES (220,'Affection is responsible for nine-tenths of whatever solid and durable happiness there is in our lives.','C. S. Lewis');
INSERT INTO QUOTE(id,text,author) VALUES (221,'For small creatures such as we the vastness is bearable only through love.','Carl Sagan');
INSERT INTO QUOTE(id,text,author) VALUES (222,'There is no surprise more magical than the surprise of being loved: It is God’s finger on man’s shoulder.','Charles Morgan');
INSERT INTO QUOTE(id,text,author) VALUES (223,'Love and compassion are necessities, not luxuries. Without them humanity cannot survive.','Dalai Lama');
INSERT INTO QUOTE(id,text,author) VALUES (224,'To love and be loved is to feel the sun from both sides.','David Viscott');
INSERT INTO QUOTE(id,text,author) VALUES (225,'Faith makes all things possible... love makes all things easy.','Dwight L. Moody');
INSERT INTO QUOTE(id,text,author) VALUES (226,'We loved with a love that was more than love.','Edgar Allan Poe');
INSERT INTO QUOTE(id,text,author) VALUES (227,'The degree of loving is measured by the degree of giving.','Edwin Louis Cole');
INSERT INTO QUOTE(id,text,author) VALUES (228,'If thou must love me, let it be for naught except for love’s sake only.','Elizabeth Barrett Browning');
INSERT INTO QUOTE(id,text,author) VALUES (229,'Immature love says: ’I love you because I need you.’ Mature love says ’I need you because I love you.’','Erich Fromm');
INSERT INTO QUOTE(id,text,author) VALUES (230,'Love is the only sane and satisfactory answer to the problem of human existence.','Erich Fromm');
INSERT INTO QUOTE(id,text,author) VALUES (231,'Love is a game that two can play and both win.','Eva Gabor');
INSERT INTO QUOTE(id,text,author) VALUES (232,'The most powerful weapon on earth is the human soul on fire.','Ferdinand Foch');
INSERT INTO QUOTE(id,text,author) VALUES (233,'Lord, grant that I might not so much seek to be loved as to love.','Francis of Assisi');
INSERT INTO QUOTE(id,text,author) VALUES (234,'True love is like ghosts, which everyone talks about and few have seen.','Francois de La Rochefoucauld');
INSERT INTO QUOTE(id,text,author) VALUES (235,'Love doesn’t make the world go ’round. Love is what makes the ride worthwhile.','Franklin P. Jones');
INSERT INTO QUOTE(id,text,author) VALUES (236,'We love life, not because we are used to living but because we are used to loving.','Friedrich Nietzsche');
INSERT INTO QUOTE(id,text,author) VALUES (237,'Blessed is the influence of one true, loving human soul on another.','George Eliot');
INSERT INTO QUOTE(id,text,author) VALUES (238,'A gentle heart is tied with an easy thread.','George Herbert');
INSERT INTO QUOTE(id,text,author) VALUES (239,'The way to love anything is to realize that it may be lost.','Gilbert K. Chesterton');
INSERT INTO QUOTE(id,text,author) VALUES (240,'Love is when the other person’s happiness is more important than your own.','H. Jackson Brown, Jr.');
INSERT INTO QUOTE(id,text,author) VALUES (241,'Sometimes the heart sees what is invisible to the eye.','H. Jackson Brown, Jr.');
INSERT INTO QUOTE(id,text,author) VALUES (242,'Love is the triumph of imagination over intelligence.','H. L. Mencken');
INSERT INTO QUOTE(id,text,author) VALUES (243,'The inner reality of love can be recognized only by love.','Hans Urs von Balthasar');
INSERT INTO QUOTE(id,text,author) VALUES (244,'Bitterness imprisons life; love releases it.','Harry Emerson Fosdick');
INSERT INTO QUOTE(id,text,author) VALUES (245,'What we have once enjoyed we can never lose. All that we love deeply becomes a part of us.','Helen Keller');
INSERT INTO QUOTE(id,text,author) VALUES (246,'Love is like a beautiful flower which I may not touch, but whose fragrance makes the garden a place of delight just the same.','Helen Keller');
INSERT INTO QUOTE(id,text,author) VALUES (247,'True love is eternal, infinite, and always like itself. It is equal and pure, without violent demonstrations: it is seen with white hairs and is always young in the heart.','Honore de Balzac');
INSERT INTO QUOTE(id,text,author) VALUES (248,'A woman knows the face of the man she loves as a sailor knows the open sea.','Honore de Balzac');
INSERT INTO QUOTE(id,text,author) VALUES (249,'A kiss is a lovely trick designed by nature to stop speech when words become superfluous.','Ingrid Bergman');
INSERT INTO QUOTE(id,text,author) VALUES (250,'We can only learn to love by loving.','Iris Murdoch');
INSERT INTO QUOTE(id,text,author) VALUES (251,'Love takes off masks that we fear we cannot live without and know we cannot live within.','James A. Baldwin');
INSERT INTO QUOTE(id,text,author) VALUES (252,'The sweetest of all sounds is that of the voice of the woman we love.','Jean de la Bruyere');
INSERT INTO QUOTE(id,text,author) VALUES (253,'I love that feeling of being in love, the effect of having butterflies when you wake up in the morning. That is special.','Jennifer Aniston');
INSERT INTO QUOTE(id,text,author) VALUES (254,'A new command I give you: Love one another. As I have loved you, so you must love one another.','Jesus Christ');
INSERT INTO QUOTE(id,text,author) VALUES (255,'Friends can help each other. A true friend is someone who lets you have total freedom to be yourself - and especially to feel. Or, not feel. Whatever you happen to be feeling at the moment is fine with them. That’s what real love amounts to - letting a person be what he really is.','Jim Morrison');
INSERT INTO QUOTE(id,text,author) VALUES (256,'Love has no age, no limit and no death.','John Galsworthy');
INSERT INTO QUOTE(id,text,author) VALUES (257,'Love is my religion - I could die for it.','John Keats');
INSERT INTO QUOTE(id,text,author) VALUES (258,'Love is the flower you’ve got to let grow.','John Lennon');
INSERT INTO QUOTE(id,text,author) VALUES (259,'Love cures people - both the ones who give it and the ones who receive it.','Karl A. Menninger');
INSERT INTO QUOTE(id,text,author) VALUES (260,'Love... it surrounds every being and extends slowly to embrace all that shall be.','Khalil Gibran');
INSERT INTO QUOTE(id,text,author) VALUES (261,'If you can learn to love yourself and all the flaws, you can love other people so much better. And that makes you so happy.','Kristin Chenoweth');
INSERT INTO QUOTE(id,text,author) VALUES (262,'Being deeply loved by someone gives you strength, while loving someone deeply gives you courage.','Lao Tzu');
INSERT INTO QUOTE(id,text,author) VALUES (263,'Kindness in words creates confidence. Kindness in thinking creates profoundness. Kindness in giving creates love.','Lao Tzu');
INSERT INTO QUOTE(id,text,author) VALUES (264,'Love is of all passions the strongest, for it attacks simultaneously the head, the heart and the senses.','Lao Tzu');
INSERT INTO QUOTE(id,text,author) VALUES (265,'Stolen kisses are always sweetest.','Leigh Hunt');
INSERT INTO QUOTE(id,text,author) VALUES (266,'Love is life. And if you miss love, you miss life.','Leo Buscaglia');
INSERT INTO QUOTE(id,text,author) VALUES (267,'Love is always bestowed as a gift - freely, willingly and without expectation. We don’t love to be loved; we love to love.','Leo Buscaglia');
INSERT INTO QUOTE(id,text,author) VALUES (268,'Who loves, raves.','Lord Byron');
INSERT INTO QUOTE(id,text,author) VALUES (269,'Love isn’t something you find. Love is something that finds you.','Loretta Young');
INSERT INTO QUOTE(id,text,author) VALUES (270,'Love yourself first and everything else falls into line. You really have to love yourself to get anything done in this world.','Lucille Ball');
INSERT INTO QUOTE(id,text,author) VALUES (271,'If you wished to be loved, love.','Lucius Annaeus Seneca');
INSERT INTO QUOTE(id,text,author) VALUES (272,'Where there is love there is life.','Mahatma Gandhi');
INSERT INTO QUOTE(id,text,author) VALUES (273,'I have decided to stick with love. Hate is too great a burden to bear.','Martin Luther King, Jr.');
INSERT INTO QUOTE(id,text,author) VALUES (274,'Man must evolve for all human conflict a method which rejects revenge, aggression and retaliation. The foundation of such a method is love.','Martin Luther King, Jr.');
INSERT INTO QUOTE(id,text,author) VALUES (275,'At the center of non-violence stands the principle of love.','Martin Luther King, Jr.');
INSERT INTO QUOTE(id,text,author) VALUES (276,'There can be no deep disappointment where there is not deep love.','Martin Luther King, Jr.');
INSERT INTO QUOTE(id,text,author) VALUES (277,'A flower cannot blossom without sunshine, and man cannot live without love.','Max Muller');
INSERT INTO QUOTE(id,text,author) VALUES (278,'In the flush of love’s light, we dare be brave. And suddenly we see that love costs all we are, and will ever be. Yet it is only love which sets us free.','Maya Angelou');
INSERT INTO QUOTE(id,text,author) VALUES (279,'Love is the child of illusion and the parent of disillusion.','Miguel de Unamuno');
INSERT INTO QUOTE(id,text,author) VALUES (280,'Let us always meet each other with smile, for the smile is the beginning of love.','Mother Teresa');
INSERT INTO QUOTE(id,text,author) VALUES (281,'Spread love everywhere you go. Let no one ever come to you without leaving happier.','Mother Teresa');
INSERT INTO QUOTE(id,text,author) VALUES (282,'I have found the paradox, that if you love until it hurts, there can be no more hurt, only more love.','Mother Teresa');
INSERT INTO QUOTE(id,text,author) VALUES (283,'The hunger for love is much more difficult to remove than the hunger for bread.','Mother Teresa');
INSERT INTO QUOTE(id,text,author) VALUES (284,'Do all things with love.','Og Mandino');
INSERT INTO QUOTE(id,text,author) VALUES (285,'We’re born alone, we live alone, we die alone. Only through our love and friendship can we create the illusion for the moment that we’re not alone.','Orson Welles');
INSERT INTO QUOTE(id,text,author) VALUES (286,'Keep love in your heart. A life without it is like a sunless garden when the flowers are dead.','Oscar Wilde');
INSERT INTO QUOTE(id,text,author) VALUES (287,'To love oneself is the beginning of a lifelong romance.','Oscar Wilde');
INSERT INTO QUOTE(id,text,author) VALUES (288,'The first duty of love is to listen.','Paul Tillich');
INSERT INTO QUOTE(id,text,author) VALUES (289,'Only do what your heart tells you.','Princess Diana');
INSERT INTO QUOTE(id,text,author) VALUES (290,'Love is the only reality and it is not a mere sentiment. It is the ultimate truth that lies at the heart of creation.','Rabindranath Tagore');
INSERT INTO QUOTE(id,text,author) VALUES (291,'Once the realization is accepted that even between the closest human beings infinite distances continue, a wonderful living side by side can grow, if they succeed in loving the distance between them which makes it possible for each to see the other whole against the sky.','Rainer Maria Rilke');
INSERT INTO QUOTE(id,text,author) VALUES (292,'Looking back, I have this to regret, that too often when I loved, I did not say so.','Ray Stannard Baker');
INSERT INTO QUOTE(id,text,author) VALUES (293,'Love is that condition in which the happiness of another person is essential to your own... Jealousy is a disease, love is a healthy condition. The immature mind often mistakes one for the other, or assumes that the greater the love, the greater the jealousy.','Robert A. Heinlein');
INSERT INTO QUOTE(id,text,author) VALUES (294,'Love is an irresistible desire to be irresistibly desired.','Robert Frost');
INSERT INTO QUOTE(id,text,author) VALUES (295,'I believe that imagination is stronger than knowledge. That myth is more potent than history. That dreams are more powerful than facts. That hope always triumphs over experience. That laughter is the only cure for grief. And I believe that love is stronger than death.','Robert Fulghum');
INSERT INTO QUOTE(id,text,author) VALUES (296,'We are born of love; Love is our mother.','Rumi');
INSERT INTO QUOTE(id,text,author) VALUES (297,'Don’t forget to love yourself.','Soren Kierkegaard');
INSERT INTO QUOTE(id,text,author) VALUES (298,'To love is to admire with the heart; to admire is to love with the mind.','Theophile Gautier');
INSERT INTO QUOTE(id,text,author) VALUES (299,'Absence sharpens love, presence strengthens it.','Thomas Fuller');
INSERT INTO QUOTE(id,text,author) VALUES (300,'Love is when he gives you a piece of your soul, that you never knew was missing.','Torquato Tasso');
INSERT INTO QUOTE(id,text,author) VALUES (301,'True love cannot be found where it does not exist, nor can it be denied where it does.','Torquato Tasso');
INSERT INTO QUOTE(id,text,author) VALUES (302,'Life is the flower for which love is the honey.','Victor Hugo');
INSERT INTO QUOTE(id,text,author) VALUES (303,'The course of true love never did run smooth.','William Shakespeare');
INSERT INTO QUOTE(id,text,author) VALUES (304,'Love is a smoke made with the fume of sighs.','William Shakespeare');


INSERT INTO QUOTE_QUOTE_TAG(quote_id, quote_tag_id) VALUES (1,1);
INSERT INTO QUOTE_QUOTE_TAG(quote_id, quote_tag_id) VALUES (2,1);
INSERT INTO QUOTE_QUOTE_TAG(quote_id, quote_tag_id) VALUES (3,1);
INSERT INTO QUOTE_QUOTE_TAG(quote_id, quote_tag_id) VALUES (4,1);
INSERT INTO QUOTE_QUOTE_TAG(quote_id, quote_tag_id) VALUES (5,1);
INSERT INTO QUOTE_QUOTE_TAG(quote_id, quote_tag_id) VALUES (6,1);
INSERT INTO QUOTE_QUOTE_TAG(quote_id, quote_tag_id) VALUES (7,1);
INSERT INTO QUOTE_QUOTE_TAG(quote_id, quote_tag_id) VALUES (8,1);
INSERT INTO QUOTE_QUOTE_TAG(quote_id, quote_tag_id) VALUES (9,1);
INSERT INTO QUOTE_QUOTE_TAG(quote_id, quote_tag_id) VALUES (10,1);
INSERT INTO QUOTE_QUOTE_TAG(quote_id, quote_tag_id) VALUES (11,1);
INSERT INTO QUOTE_QUOTE_TAG(quote_id, quote_tag_id) VALUES (12,1);
INSERT INTO QUOTE_QUOTE_TAG(quote_id, quote_tag_id) VALUES (13,1);
INSERT INTO QUOTE_QUOTE_TAG(quote_id, quote_tag_id) VALUES (14,1);
INSERT INTO QUOTE_QUOTE_TAG(quote_id, quote_tag_id) VALUES (15,1);
INSERT INTO QUOTE_QUOTE_TAG(quote_id, quote_tag_id) VALUES (16,1);
INSERT INTO QUOTE_QUOTE_TAG(quote_id, quote_tag_id) VALUES (17,1);
INSERT INTO QUOTE_QUOTE_TAG(quote_id, quote_tag_id) VALUES (18,1);
INSERT INTO QUOTE_QUOTE_TAG(quote_id, quote_tag_id) VALUES (19,1);
INSERT INTO QUOTE_QUOTE_TAG(quote_id, quote_tag_id) VALUES (20,1);
INSERT INTO QUOTE_QUOTE_TAG(quote_id, quote_tag_id) VALUES (21,1);
INSERT INTO QUOTE_QUOTE_TAG(quote_id, quote_tag_id) VALUES (22,1);
INSERT INTO QUOTE_QUOTE_TAG(quote_id, quote_tag_id) VALUES (23,1);
INSERT INTO QUOTE_QUOTE_TAG(quote_id, quote_tag_id) VALUES (24,1);
INSERT INTO QUOTE_QUOTE_TAG(quote_id, quote_tag_id) VALUES (25,1);
INSERT INTO QUOTE_QUOTE_TAG(quote_id, quote_tag_id) VALUES (26,1);
INSERT INTO QUOTE_QUOTE_TAG(quote_id, quote_tag_id) VALUES (27,1);
INSERT INTO QUOTE_QUOTE_TAG(quote_id, quote_tag_id) VALUES (28,1);
INSERT INTO QUOTE_QUOTE_TAG(quote_id, quote_tag_id) VALUES (29,1);
INSERT INTO QUOTE_QUOTE_TAG(quote_id, quote_tag_id) VALUES (30,1);
INSERT INTO QUOTE_QUOTE_TAG(quote_id, quote_tag_id) VALUES (31,1);
INSERT INTO QUOTE_QUOTE_TAG(quote_id, quote_tag_id) VALUES (32,1);
INSERT INTO QUOTE_QUOTE_TAG(quote_id, quote_tag_id) VALUES (33,1);
INSERT INTO QUOTE_QUOTE_TAG(quote_id, quote_tag_id) VALUES (34,1);
INSERT INTO QUOTE_QUOTE_TAG(quote_id, quote_tag_id) VALUES (35,1);
INSERT INTO QUOTE_QUOTE_TAG(quote_id, quote_tag_id) VALUES (36,1);
INSERT INTO QUOTE_QUOTE_TAG(quote_id, quote_tag_id) VALUES (37,1);
INSERT INTO QUOTE_QUOTE_TAG(quote_id, quote_tag_id) VALUES (38,1);
INSERT INTO QUOTE_QUOTE_TAG(quote_id, quote_tag_id) VALUES (39,1);
INSERT INTO QUOTE_QUOTE_TAG(quote_id, quote_tag_id) VALUES (40,1);
INSERT INTO QUOTE_QUOTE_TAG(quote_id, quote_tag_id) VALUES (41,1);
INSERT INTO QUOTE_QUOTE_TAG(quote_id, quote_tag_id) VALUES (42,1);
INSERT INTO QUOTE_QUOTE_TAG(quote_id, quote_tag_id) VALUES (43,1);
INSERT INTO QUOTE_QUOTE_TAG(quote_id, quote_tag_id) VALUES (44,1);
INSERT INTO QUOTE_QUOTE_TAG(quote_id, quote_tag_id) VALUES (45,1);
INSERT INTO QUOTE_QUOTE_TAG(quote_id, quote_tag_id) VALUES (46,1);
INSERT INTO QUOTE_QUOTE_TAG(quote_id, quote_tag_id) VALUES (47,1);
INSERT INTO QUOTE_QUOTE_TAG(quote_id, quote_tag_id) VALUES (48,1);
INSERT INTO QUOTE_QUOTE_TAG(quote_id, quote_tag_id) VALUES (49,1);
INSERT INTO QUOTE_QUOTE_TAG(quote_id, quote_tag_id) VALUES (50,1);
INSERT INTO QUOTE_QUOTE_TAG(quote_id, quote_tag_id) VALUES (51,1);
INSERT INTO QUOTE_QUOTE_TAG(quote_id, quote_tag_id) VALUES (52,1);
INSERT INTO QUOTE_QUOTE_TAG(quote_id, quote_tag_id) VALUES (53,1);
INSERT INTO QUOTE_QUOTE_TAG(quote_id, quote_tag_id) VALUES (54,1);
INSERT INTO QUOTE_QUOTE_TAG(quote_id, quote_tag_id) VALUES (55,1);
INSERT INTO QUOTE_QUOTE_TAG(quote_id, quote_tag_id) VALUES (56,1);
INSERT INTO QUOTE_QUOTE_TAG(quote_id, quote_tag_id) VALUES (57,1);
INSERT INTO QUOTE_QUOTE_TAG(quote_id, quote_tag_id) VALUES (58,1);
INSERT INTO QUOTE_QUOTE_TAG(quote_id, quote_tag_id) VALUES (59,1);
INSERT INTO QUOTE_QUOTE_TAG(quote_id, quote_tag_id) VALUES (60,1);
INSERT INTO QUOTE_QUOTE_TAG(quote_id, quote_tag_id) VALUES (61,1);
INSERT INTO QUOTE_QUOTE_TAG(quote_id, quote_tag_id) VALUES (62,1);
INSERT INTO QUOTE_QUOTE_TAG(quote_id, quote_tag_id) VALUES (63,1);
INSERT INTO QUOTE_QUOTE_TAG(quote_id, quote_tag_id) VALUES (64,1);
INSERT INTO QUOTE_QUOTE_TAG(quote_id, quote_tag_id) VALUES (65,1);
INSERT INTO QUOTE_QUOTE_TAG(quote_id, quote_tag_id) VALUES (66,1);
INSERT INTO QUOTE_QUOTE_TAG(quote_id, quote_tag_id) VALUES (67,1);
INSERT INTO QUOTE_QUOTE_TAG(quote_id, quote_tag_id) VALUES (68,1);
INSERT INTO QUOTE_QUOTE_TAG(quote_id, quote_tag_id) VALUES (69,1);
INSERT INTO QUOTE_QUOTE_TAG(quote_id, quote_tag_id) VALUES (70,1);
INSERT INTO QUOTE_QUOTE_TAG(quote_id, quote_tag_id) VALUES (71,1);
INSERT INTO QUOTE_QUOTE_TAG(quote_id, quote_tag_id) VALUES (72,1);
INSERT INTO QUOTE_QUOTE_TAG(quote_id, quote_tag_id) VALUES (73,1);
INSERT INTO QUOTE_QUOTE_TAG(quote_id, quote_tag_id) VALUES (74,1);
INSERT INTO QUOTE_QUOTE_TAG(quote_id, quote_tag_id) VALUES (75,1);
INSERT INTO QUOTE_QUOTE_TAG(quote_id, quote_tag_id) VALUES (76,1);
INSERT INTO QUOTE_QUOTE_TAG(quote_id, quote_tag_id) VALUES (77,1);
INSERT INTO QUOTE_QUOTE_TAG(quote_id, quote_tag_id) VALUES (78,1);
INSERT INTO QUOTE_QUOTE_TAG(quote_id, quote_tag_id) VALUES (79,1);
INSERT INTO QUOTE_QUOTE_TAG(quote_id, quote_tag_id) VALUES (80,1);
INSERT INTO QUOTE_QUOTE_TAG(quote_id, quote_tag_id) VALUES (81,1);
INSERT INTO QUOTE_QUOTE_TAG(quote_id, quote_tag_id) VALUES (82,1);
INSERT INTO QUOTE_QUOTE_TAG(quote_id, quote_tag_id) VALUES (83,1);
INSERT INTO QUOTE_QUOTE_TAG(quote_id, quote_tag_id) VALUES (84,1);
INSERT INTO QUOTE_QUOTE_TAG(quote_id, quote_tag_id) VALUES (85,1);
INSERT INTO QUOTE_QUOTE_TAG(quote_id, quote_tag_id) VALUES (86,1);
INSERT INTO QUOTE_QUOTE_TAG(quote_id, quote_tag_id) VALUES (87,1);
INSERT INTO QUOTE_QUOTE_TAG(quote_id, quote_tag_id) VALUES (88,1);
INSERT INTO QUOTE_QUOTE_TAG(quote_id, quote_tag_id) VALUES (89,1);
INSERT INTO QUOTE_QUOTE_TAG(quote_id, quote_tag_id) VALUES (90,1);
INSERT INTO QUOTE_QUOTE_TAG(quote_id, quote_tag_id) VALUES (91,1);
INSERT INTO QUOTE_QUOTE_TAG(quote_id, quote_tag_id) VALUES (92,1);
INSERT INTO QUOTE_QUOTE_TAG(quote_id, quote_tag_id) VALUES (93,1);
INSERT INTO QUOTE_QUOTE_TAG(quote_id, quote_tag_id) VALUES (94,1);
INSERT INTO QUOTE_QUOTE_TAG(quote_id, quote_tag_id) VALUES (95,1);
INSERT INTO QUOTE_QUOTE_TAG(quote_id, quote_tag_id) VALUES (96,1);
INSERT INTO QUOTE_QUOTE_TAG(quote_id, quote_tag_id) VALUES (97,1);
INSERT INTO QUOTE_QUOTE_TAG(quote_id, quote_tag_id) VALUES (98,1);
INSERT INTO QUOTE_QUOTE_TAG(quote_id, quote_tag_id) VALUES (99,1);
INSERT INTO QUOTE_QUOTE_TAG(quote_id, quote_tag_id) VALUES (100,1);
INSERT INTO QUOTE_QUOTE_TAG(quote_id, quote_tag_id) VALUES (101,1);
INSERT INTO QUOTE_QUOTE_TAG(quote_id, quote_tag_id) VALUES (102,1);

INSERT INTO QUOTE_QUOTE_TAG(quote_id, quote_tag_id) VALUES (103,2);
INSERT INTO QUOTE_QUOTE_TAG(quote_id, quote_tag_id) VALUES (104,2);
INSERT INTO QUOTE_QUOTE_TAG(quote_id, quote_tag_id) VALUES (105,2);
INSERT INTO QUOTE_QUOTE_TAG(quote_id, quote_tag_id) VALUES (106,2);
INSERT INTO QUOTE_QUOTE_TAG(quote_id, quote_tag_id) VALUES (107,2);
INSERT INTO QUOTE_QUOTE_TAG(quote_id, quote_tag_id) VALUES (108,2);
INSERT INTO QUOTE_QUOTE_TAG(quote_id, quote_tag_id) VALUES (109,2);
INSERT INTO QUOTE_QUOTE_TAG(quote_id, quote_tag_id) VALUES (110,2);
INSERT INTO QUOTE_QUOTE_TAG(quote_id, quote_tag_id) VALUES (111,2);
INSERT INTO QUOTE_QUOTE_TAG(quote_id, quote_tag_id) VALUES (112,2);
INSERT INTO QUOTE_QUOTE_TAG(quote_id, quote_tag_id) VALUES (113,2);
INSERT INTO QUOTE_QUOTE_TAG(quote_id, quote_tag_id) VALUES (114,2);
INSERT INTO QUOTE_QUOTE_TAG(quote_id, quote_tag_id) VALUES (115,2);
INSERT INTO QUOTE_QUOTE_TAG(quote_id, quote_tag_id) VALUES (116,2);
INSERT INTO QUOTE_QUOTE_TAG(quote_id, quote_tag_id) VALUES (117,2);
INSERT INTO QUOTE_QUOTE_TAG(quote_id, quote_tag_id) VALUES (118,2);
INSERT INTO QUOTE_QUOTE_TAG(quote_id, quote_tag_id) VALUES (119,2);
INSERT INTO QUOTE_QUOTE_TAG(quote_id, quote_tag_id) VALUES (120,2);
INSERT INTO QUOTE_QUOTE_TAG(quote_id, quote_tag_id) VALUES (121,2);
INSERT INTO QUOTE_QUOTE_TAG(quote_id, quote_tag_id) VALUES (122,2);
INSERT INTO QUOTE_QUOTE_TAG(quote_id, quote_tag_id) VALUES (123,2);
INSERT INTO QUOTE_QUOTE_TAG(quote_id, quote_tag_id) VALUES (124,2);
INSERT INTO QUOTE_QUOTE_TAG(quote_id, quote_tag_id) VALUES (125,2);
INSERT INTO QUOTE_QUOTE_TAG(quote_id, quote_tag_id) VALUES (126,2);
INSERT INTO QUOTE_QUOTE_TAG(quote_id, quote_tag_id) VALUES (127,2);
INSERT INTO QUOTE_QUOTE_TAG(quote_id, quote_tag_id) VALUES (128,2);
INSERT INTO QUOTE_QUOTE_TAG(quote_id, quote_tag_id) VALUES (129,2);
INSERT INTO QUOTE_QUOTE_TAG(quote_id, quote_tag_id) VALUES (130,2);
INSERT INTO QUOTE_QUOTE_TAG(quote_id, quote_tag_id) VALUES (131,2);
INSERT INTO QUOTE_QUOTE_TAG(quote_id, quote_tag_id) VALUES (132,2);
INSERT INTO QUOTE_QUOTE_TAG(quote_id, quote_tag_id) VALUES (133,2);
INSERT INTO QUOTE_QUOTE_TAG(quote_id, quote_tag_id) VALUES (134,2);
INSERT INTO QUOTE_QUOTE_TAG(quote_id, quote_tag_id) VALUES (135,2);
INSERT INTO QUOTE_QUOTE_TAG(quote_id, quote_tag_id) VALUES (136,2);
INSERT INTO QUOTE_QUOTE_TAG(quote_id, quote_tag_id) VALUES (137,2);
INSERT INTO QUOTE_QUOTE_TAG(quote_id, quote_tag_id) VALUES (138,2);
INSERT INTO QUOTE_QUOTE_TAG(quote_id, quote_tag_id) VALUES (139,2);
INSERT INTO QUOTE_QUOTE_TAG(quote_id, quote_tag_id) VALUES (140,2);
INSERT INTO QUOTE_QUOTE_TAG(quote_id, quote_tag_id) VALUES (141,2);
INSERT INTO QUOTE_QUOTE_TAG(quote_id, quote_tag_id) VALUES (142,2);
INSERT INTO QUOTE_QUOTE_TAG(quote_id, quote_tag_id) VALUES (143,2);
INSERT INTO QUOTE_QUOTE_TAG(quote_id, quote_tag_id) VALUES (144,2);
INSERT INTO QUOTE_QUOTE_TAG(quote_id, quote_tag_id) VALUES (145,2);
INSERT INTO QUOTE_QUOTE_TAG(quote_id, quote_tag_id) VALUES (146,2);
INSERT INTO QUOTE_QUOTE_TAG(quote_id, quote_tag_id) VALUES (147,2);
INSERT INTO QUOTE_QUOTE_TAG(quote_id, quote_tag_id) VALUES (148,2);
INSERT INTO QUOTE_QUOTE_TAG(quote_id, quote_tag_id) VALUES (149,2);
INSERT INTO QUOTE_QUOTE_TAG(quote_id, quote_tag_id) VALUES (150,2);
INSERT INTO QUOTE_QUOTE_TAG(quote_id, quote_tag_id) VALUES (151,2);
INSERT INTO QUOTE_QUOTE_TAG(quote_id, quote_tag_id) VALUES (152,2);
INSERT INTO QUOTE_QUOTE_TAG(quote_id, quote_tag_id) VALUES (153,2);
INSERT INTO QUOTE_QUOTE_TAG(quote_id, quote_tag_id) VALUES (154,2);
INSERT INTO QUOTE_QUOTE_TAG(quote_id, quote_tag_id) VALUES (155,2);
INSERT INTO QUOTE_QUOTE_TAG(quote_id, quote_tag_id) VALUES (156,2);
INSERT INTO QUOTE_QUOTE_TAG(quote_id, quote_tag_id) VALUES (157,2);
INSERT INTO QUOTE_QUOTE_TAG(quote_id, quote_tag_id) VALUES (158,2);
INSERT INTO QUOTE_QUOTE_TAG(quote_id, quote_tag_id) VALUES (159,2);
INSERT INTO QUOTE_QUOTE_TAG(quote_id, quote_tag_id) VALUES (160,2);
INSERT INTO QUOTE_QUOTE_TAG(quote_id, quote_tag_id) VALUES (161,2);
INSERT INTO QUOTE_QUOTE_TAG(quote_id, quote_tag_id) VALUES (162,2);
INSERT INTO QUOTE_QUOTE_TAG(quote_id, quote_tag_id) VALUES (163,2);
INSERT INTO QUOTE_QUOTE_TAG(quote_id, quote_tag_id) VALUES (164,2);
INSERT INTO QUOTE_QUOTE_TAG(quote_id, quote_tag_id) VALUES (165,2);
INSERT INTO QUOTE_QUOTE_TAG(quote_id, quote_tag_id) VALUES (166,2);
INSERT INTO QUOTE_QUOTE_TAG(quote_id, quote_tag_id) VALUES (167,2);
INSERT INTO QUOTE_QUOTE_TAG(quote_id, quote_tag_id) VALUES (168,2);
INSERT INTO QUOTE_QUOTE_TAG(quote_id, quote_tag_id) VALUES (169,2);
INSERT INTO QUOTE_QUOTE_TAG(quote_id, quote_tag_id) VALUES (170,2);
INSERT INTO QUOTE_QUOTE_TAG(quote_id, quote_tag_id) VALUES (171,2);
INSERT INTO QUOTE_QUOTE_TAG(quote_id, quote_tag_id) VALUES (172,2);
INSERT INTO QUOTE_QUOTE_TAG(quote_id, quote_tag_id) VALUES (173,2);
INSERT INTO QUOTE_QUOTE_TAG(quote_id, quote_tag_id) VALUES (174,2);
INSERT INTO QUOTE_QUOTE_TAG(quote_id, quote_tag_id) VALUES (175,2);
INSERT INTO QUOTE_QUOTE_TAG(quote_id, quote_tag_id) VALUES (176,2);
INSERT INTO QUOTE_QUOTE_TAG(quote_id, quote_tag_id) VALUES (177,2);
INSERT INTO QUOTE_QUOTE_TAG(quote_id, quote_tag_id) VALUES (178,2);
INSERT INTO QUOTE_QUOTE_TAG(quote_id, quote_tag_id) VALUES (179,2);
INSERT INTO QUOTE_QUOTE_TAG(quote_id, quote_tag_id) VALUES (180,2);
INSERT INTO QUOTE_QUOTE_TAG(quote_id, quote_tag_id) VALUES (181,2);
INSERT INTO QUOTE_QUOTE_TAG(quote_id, quote_tag_id) VALUES (182,2);
INSERT INTO QUOTE_QUOTE_TAG(quote_id, quote_tag_id) VALUES (183,2);
INSERT INTO QUOTE_QUOTE_TAG(quote_id, quote_tag_id) VALUES (184,2);
INSERT INTO QUOTE_QUOTE_TAG(quote_id, quote_tag_id) VALUES (185,2);
INSERT INTO QUOTE_QUOTE_TAG(quote_id, quote_tag_id) VALUES (186,2);
INSERT INTO QUOTE_QUOTE_TAG(quote_id, quote_tag_id) VALUES (187,2);
INSERT INTO QUOTE_QUOTE_TAG(quote_id, quote_tag_id) VALUES (188,2);
INSERT INTO QUOTE_QUOTE_TAG(quote_id, quote_tag_id) VALUES (189,2);
INSERT INTO QUOTE_QUOTE_TAG(quote_id, quote_tag_id) VALUES (190,2);
INSERT INTO QUOTE_QUOTE_TAG(quote_id, quote_tag_id) VALUES (191,2);
INSERT INTO QUOTE_QUOTE_TAG(quote_id, quote_tag_id) VALUES (192,2);
INSERT INTO QUOTE_QUOTE_TAG(quote_id, quote_tag_id) VALUES (193,2);
INSERT INTO QUOTE_QUOTE_TAG(quote_id, quote_tag_id) VALUES (194,2);
INSERT INTO QUOTE_QUOTE_TAG(quote_id, quote_tag_id) VALUES (195,2);
INSERT INTO QUOTE_QUOTE_TAG(quote_id, quote_tag_id) VALUES (196,2);
INSERT INTO QUOTE_QUOTE_TAG(quote_id, quote_tag_id) VALUES (197,2);
INSERT INTO QUOTE_QUOTE_TAG(quote_id, quote_tag_id) VALUES (198,2);
INSERT INTO QUOTE_QUOTE_TAG(quote_id, quote_tag_id) VALUES (199,2);
INSERT INTO QUOTE_QUOTE_TAG(quote_id, quote_tag_id) VALUES (200,2);
INSERT INTO QUOTE_QUOTE_TAG(quote_id, quote_tag_id) VALUES (201,2);
INSERT INTO QUOTE_QUOTE_TAG(quote_id, quote_tag_id) VALUES (202,2);
INSERT INTO QUOTE_QUOTE_TAG(quote_id, quote_tag_id) VALUES (203,2);

INSERT INTO QUOTE_QUOTE_TAG(quote_id, quote_tag_id) VALUES (204,3);
INSERT INTO QUOTE_QUOTE_TAG(quote_id, quote_tag_id) VALUES (205,3);
INSERT INTO QUOTE_QUOTE_TAG(quote_id, quote_tag_id) VALUES (206,3);
INSERT INTO QUOTE_QUOTE_TAG(quote_id, quote_tag_id) VALUES (207,3);
INSERT INTO QUOTE_QUOTE_TAG(quote_id, quote_tag_id) VALUES (208,3);
INSERT INTO QUOTE_QUOTE_TAG(quote_id, quote_tag_id) VALUES (209,3);
INSERT INTO QUOTE_QUOTE_TAG(quote_id, quote_tag_id) VALUES (210,3);
INSERT INTO QUOTE_QUOTE_TAG(quote_id, quote_tag_id) VALUES (211,3);
INSERT INTO QUOTE_QUOTE_TAG(quote_id, quote_tag_id) VALUES (212,3);
INSERT INTO QUOTE_QUOTE_TAG(quote_id, quote_tag_id) VALUES (213,3);
INSERT INTO QUOTE_QUOTE_TAG(quote_id, quote_tag_id) VALUES (214,3);
INSERT INTO QUOTE_QUOTE_TAG(quote_id, quote_tag_id) VALUES (215,3);
INSERT INTO QUOTE_QUOTE_TAG(quote_id, quote_tag_id) VALUES (216,3);
INSERT INTO QUOTE_QUOTE_TAG(quote_id, quote_tag_id) VALUES (217,3);
INSERT INTO QUOTE_QUOTE_TAG(quote_id, quote_tag_id) VALUES (218,3);
INSERT INTO QUOTE_QUOTE_TAG(quote_id, quote_tag_id) VALUES (219,3);
INSERT INTO QUOTE_QUOTE_TAG(quote_id, quote_tag_id) VALUES (220,3);
INSERT INTO QUOTE_QUOTE_TAG(quote_id, quote_tag_id) VALUES (221,3);
INSERT INTO QUOTE_QUOTE_TAG(quote_id, quote_tag_id) VALUES (222,3);
INSERT INTO QUOTE_QUOTE_TAG(quote_id, quote_tag_id) VALUES (223,3);
INSERT INTO QUOTE_QUOTE_TAG(quote_id, quote_tag_id) VALUES (224,3);
INSERT INTO QUOTE_QUOTE_TAG(quote_id, quote_tag_id) VALUES (225,3);
INSERT INTO QUOTE_QUOTE_TAG(quote_id, quote_tag_id) VALUES (226,3);
INSERT INTO QUOTE_QUOTE_TAG(quote_id, quote_tag_id) VALUES (227,3);
INSERT INTO QUOTE_QUOTE_TAG(quote_id, quote_tag_id) VALUES (228,3);
INSERT INTO QUOTE_QUOTE_TAG(quote_id, quote_tag_id) VALUES (229,3);
INSERT INTO QUOTE_QUOTE_TAG(quote_id, quote_tag_id) VALUES (230,3);
INSERT INTO QUOTE_QUOTE_TAG(quote_id, quote_tag_id) VALUES (231,3);
INSERT INTO QUOTE_QUOTE_TAG(quote_id, quote_tag_id) VALUES (232,3);
INSERT INTO QUOTE_QUOTE_TAG(quote_id, quote_tag_id) VALUES (233,3);
INSERT INTO QUOTE_QUOTE_TAG(quote_id, quote_tag_id) VALUES (234,3);
INSERT INTO QUOTE_QUOTE_TAG(quote_id, quote_tag_id) VALUES (235,3);
INSERT INTO QUOTE_QUOTE_TAG(quote_id, quote_tag_id) VALUES (236,3);
INSERT INTO QUOTE_QUOTE_TAG(quote_id, quote_tag_id) VALUES (237,3);
INSERT INTO QUOTE_QUOTE_TAG(quote_id, quote_tag_id) VALUES (238,3);
INSERT INTO QUOTE_QUOTE_TAG(quote_id, quote_tag_id) VALUES (239,3);
INSERT INTO QUOTE_QUOTE_TAG(quote_id, quote_tag_id) VALUES (240,3);
INSERT INTO QUOTE_QUOTE_TAG(quote_id, quote_tag_id) VALUES (241,3);
INSERT INTO QUOTE_QUOTE_TAG(quote_id, quote_tag_id) VALUES (242,3);
INSERT INTO QUOTE_QUOTE_TAG(quote_id, quote_tag_id) VALUES (243,3);
INSERT INTO QUOTE_QUOTE_TAG(quote_id, quote_tag_id) VALUES (244,3);
INSERT INTO QUOTE_QUOTE_TAG(quote_id, quote_tag_id) VALUES (245,3);
INSERT INTO QUOTE_QUOTE_TAG(quote_id, quote_tag_id) VALUES (246,3);
INSERT INTO QUOTE_QUOTE_TAG(quote_id, quote_tag_id) VALUES (247,3);
INSERT INTO QUOTE_QUOTE_TAG(quote_id, quote_tag_id) VALUES (248,3);
INSERT INTO QUOTE_QUOTE_TAG(quote_id, quote_tag_id) VALUES (249,3);
INSERT INTO QUOTE_QUOTE_TAG(quote_id, quote_tag_id) VALUES (250,3);
INSERT INTO QUOTE_QUOTE_TAG(quote_id, quote_tag_id) VALUES (251,3);
INSERT INTO QUOTE_QUOTE_TAG(quote_id, quote_tag_id) VALUES (252,3);
INSERT INTO QUOTE_QUOTE_TAG(quote_id, quote_tag_id) VALUES (253,3);
INSERT INTO QUOTE_QUOTE_TAG(quote_id, quote_tag_id) VALUES (254,3);
INSERT INTO QUOTE_QUOTE_TAG(quote_id, quote_tag_id) VALUES (255,3);
INSERT INTO QUOTE_QUOTE_TAG(quote_id, quote_tag_id) VALUES (256,3);
INSERT INTO QUOTE_QUOTE_TAG(quote_id, quote_tag_id) VALUES (257,3);
INSERT INTO QUOTE_QUOTE_TAG(quote_id, quote_tag_id) VALUES (258,3);
INSERT INTO QUOTE_QUOTE_TAG(quote_id, quote_tag_id) VALUES (259,3);
INSERT INTO QUOTE_QUOTE_TAG(quote_id, quote_tag_id) VALUES (260,3);
INSERT INTO QUOTE_QUOTE_TAG(quote_id, quote_tag_id) VALUES (261,3);
INSERT INTO QUOTE_QUOTE_TAG(quote_id, quote_tag_id) VALUES (262,3);
INSERT INTO QUOTE_QUOTE_TAG(quote_id, quote_tag_id) VALUES (263,3);
INSERT INTO QUOTE_QUOTE_TAG(quote_id, quote_tag_id) VALUES (264,3);
INSERT INTO QUOTE_QUOTE_TAG(quote_id, quote_tag_id) VALUES (265,3);
INSERT INTO QUOTE_QUOTE_TAG(quote_id, quote_tag_id) VALUES (266,3);
INSERT INTO QUOTE_QUOTE_TAG(quote_id, quote_tag_id) VALUES (267,3);
INSERT INTO QUOTE_QUOTE_TAG(quote_id, quote_tag_id) VALUES (268,3);
INSERT INTO QUOTE_QUOTE_TAG(quote_id, quote_tag_id) VALUES (269,3);
INSERT INTO QUOTE_QUOTE_TAG(quote_id, quote_tag_id) VALUES (270,3);
INSERT INTO QUOTE_QUOTE_TAG(quote_id, quote_tag_id) VALUES (271,3);
INSERT INTO QUOTE_QUOTE_TAG(quote_id, quote_tag_id) VALUES (272,3);
INSERT INTO QUOTE_QUOTE_TAG(quote_id, quote_tag_id) VALUES (273,3);
INSERT INTO QUOTE_QUOTE_TAG(quote_id, quote_tag_id) VALUES (274,3);
INSERT INTO QUOTE_QUOTE_TAG(quote_id, quote_tag_id) VALUES (275,3);
INSERT INTO QUOTE_QUOTE_TAG(quote_id, quote_tag_id) VALUES (276,3);
INSERT INTO QUOTE_QUOTE_TAG(quote_id, quote_tag_id) VALUES (277,3);
INSERT INTO QUOTE_QUOTE_TAG(quote_id, quote_tag_id) VALUES (278,3);
INSERT INTO QUOTE_QUOTE_TAG(quote_id, quote_tag_id) VALUES (279,3);
INSERT INTO QUOTE_QUOTE_TAG(quote_id, quote_tag_id) VALUES (280,3);
INSERT INTO QUOTE_QUOTE_TAG(quote_id, quote_tag_id) VALUES (281,3);
INSERT INTO QUOTE_QUOTE_TAG(quote_id, quote_tag_id) VALUES (282,3);
INSERT INTO QUOTE_QUOTE_TAG(quote_id, quote_tag_id) VALUES (283,3);
INSERT INTO QUOTE_QUOTE_TAG(quote_id, quote_tag_id) VALUES (284,3);
INSERT INTO QUOTE_QUOTE_TAG(quote_id, quote_tag_id) VALUES (285,3);
INSERT INTO QUOTE_QUOTE_TAG(quote_id, quote_tag_id) VALUES (286,3);
INSERT INTO QUOTE_QUOTE_TAG(quote_id, quote_tag_id) VALUES (287,3);
INSERT INTO QUOTE_QUOTE_TAG(quote_id, quote_tag_id) VALUES (288,3);
INSERT INTO QUOTE_QUOTE_TAG(quote_id, quote_tag_id) VALUES (289,3);
INSERT INTO QUOTE_QUOTE_TAG(quote_id, quote_tag_id) VALUES (290,3);
INSERT INTO QUOTE_QUOTE_TAG(quote_id, quote_tag_id) VALUES (291,3);
INSERT INTO QUOTE_QUOTE_TAG(quote_id, quote_tag_id) VALUES (292,3);
INSERT INTO QUOTE_QUOTE_TAG(quote_id, quote_tag_id) VALUES (293,3);
INSERT INTO QUOTE_QUOTE_TAG(quote_id, quote_tag_id) VALUES (294,3);
INSERT INTO QUOTE_QUOTE_TAG(quote_id, quote_tag_id) VALUES (295,3);
INSERT INTO QUOTE_QUOTE_TAG(quote_id, quote_tag_id) VALUES (296,3);
INSERT INTO QUOTE_QUOTE_TAG(quote_id, quote_tag_id) VALUES (297,3);
INSERT INTO QUOTE_QUOTE_TAG(quote_id, quote_tag_id) VALUES (298,3);
INSERT INTO QUOTE_QUOTE_TAG(quote_id, quote_tag_id) VALUES (299,3);
INSERT INTO QUOTE_QUOTE_TAG(quote_id, quote_tag_id) VALUES (300,3);
INSERT INTO QUOTE_QUOTE_TAG(quote_id, quote_tag_id) VALUES (301,3);
INSERT INTO QUOTE_QUOTE_TAG(quote_id, quote_tag_id) VALUES (302,3);
INSERT INTO QUOTE_QUOTE_TAG(quote_id, quote_tag_id) VALUES (303,3);
INSERT INTO QUOTE_QUOTE_TAG(quote_id, quote_tag_id) VALUES (304,3);


